{
  "total_claims": 2010,
  "actual_frauds": 210,
  "predicted_frauds": 281,
  "true_positives": 164,
  "false_positives": 117,
  "false_negatives": 46,
  "precision": 0.5836298932384342,
  "recall": 0.780952380952381,
  "fpr": 0.065
}